{
  "schemaId" : "Encuesta",
  "content" : "{\"version\":7,\"general\":{\"name\":\"Encuesta\",\"internalDescription\":\"Get feedback from your customers and collect email to follow up on their experience\",\"previewText\":\"Encuesta\",\"previewIcon\":\"/chatbox2/upload?k=public%2FO540%2Fschema%2Fq9yk%2FlWwQ%2FdMzUmhmZMEHu1tA50lnERetXDCrinMz1YZuIBZFINxKL6JWoYisOmno9_pbXeZBz_6_FhNoUmCWDtg%3D%3D%2Facme.jpg\",\"author\":\"Unknown\",\"created\":\"Fri Oct 12 2018\",\"icon\":\"/chatbox2/upload?k=public%2FO540%2Fschema%2FPYo6%2Fly1n%2FL59APf7D0xd6Ezun5eE1hGf8iiH3K37ll1L29uUyTlxL6Z66Dmizab4fND4fZNdJiQCyzKc-ms4Ttg%3D%3D%2Facme.jpg\",\"inviteMessageList\":[\"Haz click para participar de la encuesta {link}\"]},\"chatbox\":{\"id\":2,\"apiId\":\"Encuesta\",\"active\":true,\"build\":4,\"builder\":{\"editCount\":41},\"tagList\":[],\"trashed\":false},\"displayList\":[{\"id\":\"PANE_1\",\"allowDismiss\":false,\"elementList\":[{\"id\":\"image_1\",\"initiallyEnabled\":true,\"initiallyVisible\":true,\"innerStyles\":{\"backgroundColor\":\"#FFFFFF\",\"borderColor\":\"#333\",\"color\":\"#333333\",\"labelClass\":\"\",\"textAlign\":\"left\",\"fontStyle\":\"normal\",\"borderRadius\":\"0px\",\"borderWidth\":\"0px\",\"width\":\"90%\",\"fontSize\":\"13px\",\"elementClass\":\"\",\"borderStyle\":\"solid\",\"fontWeight\":\"normal\"},\"outerStyles\":{\"marginRight\":\"0\",\"paddingBottom\":\"0\",\"paddingRight\":\"0\",\"width\":\"100%\",\"marginBottom\":\"12px\",\"paddingTop\":\"0\",\"paddingLeft\":\"0\",\"marginTop\":\"0\",\"marginLeft\":\"0\"},\"tooltip\":\"ACME\",\"detail\":{\"src\":\"/chatbox2/upload?k=public%2FO540%2Fschema%2FQy1C%2FB9Lh%2FHayH5cgViZNKiE47E1_mzmDLoNE7ivXMETU0j33Jh26s0wtL-7YtZYgKTV8rFb2kqpDmhjO8pTobQA%3D%3D%2Facme.jpg\",\"type\":\"image\"},\"actionList\":[],\"since\":0},{\"id\":\"starRating_1\",\"initiallyEnabled\":true,\"initiallyVisible\":true,\"innerStyles\":{\"backgroundColor\":\"rgba(255, 255, 255, 0)\",\"borderColor\":\"#333\",\"borderRadius\":\"0px\",\"color\":\"#333333\",\"labelClass\":\"\",\"textAlign\":\"center\",\"borderWidth\":\"0px\",\"fontSize\":\"20px\",\"elementClass\":\"\",\"borderStyle\":\"solid\",\"fontStyle\":\"normal\",\"fontWeight\":\"normal\"},\"outerStyles\":{\"marginRight\":\"0\",\"paddingBottom\":\"0\",\"paddingRight\":\"0\",\"width\":\"100%\",\"marginBottom\":\"12px\",\"paddingTop\":\"0\",\"paddingLeft\":\"0\",\"marginTop\":\"0\",\"marginLeft\":\"0\"},\"tooltip\":\"\",\"detail\":{\"icons\":[\"fa-star\",\"fa-star\",\"fa-star\",\"fa-star\",\"fa-star\"],\"label\":\"Como fue tu experiencia como usuario del servicio?\",\"labelInline\":false,\"leftIcon\":\"fa-frown-o\",\"rightIcon\":\"fa-smile-o\",\"agentCanEdit\":false,\"customerCanEdit\":true,\"agentMasked\":false,\"required\":false,\"elementValidation\":{\"required\":false,\"requiredErrorMessage\":\"This is required\",\"validateMinLength\":false,\"minLength\":0,\"minLengthErrorMessage\":\"This field requires at least {$count} characters.\",\"validateMaxLength\":false,\"maxLength\":0,\"maxLengthErrorMessage\":\"This field does not accept more than {$count} characters.\",\"validateRegex\":false,\"regex\":\"\",\"regexErrorMessage\":\"\",\"validateSnippet\":false,\"snippet\":\"\"},\"type\":\"stars\"},\"actionList\":[],\"since\":0},{\"id\":\"OneTwoThree\",\"initiallyEnabled\":true,\"initiallyVisible\":false,\"innerStyles\":{\"backgroundColor\":\"#FFFFFF\",\"borderColor\":\"#ccc\",\"borderRadius\":\"4px\",\"color\":\"#333333\",\"labelClass\":\"\",\"textAlign\":\"left\",\"borderWidth\":\"1px\",\"fontSize\":\"13px\",\"elementClass\":\"\",\"borderStyle\":\"solid\",\"fontStyle\":\"normal\",\"fontWeight\":\"normal\"},\"outerStyles\":{\"marginRight\":\"0\",\"paddingBottom\":\"0\",\"paddingRight\":\"0\",\"width\":\"100%\",\"marginBottom\":\"12px\",\"paddingTop\":\"0\",\"paddingLeft\":\"0\",\"marginTop\":\"0\",\"marginLeft\":\"0\"},\"tooltip\":\"\",\"detail\":{\"label\":\"Que podriamos haber hecho mejor?\",\"errorMessage\":\"An error has occurred\",\"maxLength\":1000,\"placeholder\":\"\",\"rows\":5,\"agentCanEdit\":false,\"customerCanEdit\":true,\"agentMasked\":false,\"required\":false,\"elementValidation\":{\"required\":false,\"requiredErrorMessage\":\"This is required\",\"validateMinLength\":false,\"minLength\":0,\"minLengthErrorMessage\":\"This field requires at least {$count} characters.\",\"validateMaxLength\":false,\"maxLength\":0,\"maxLengthErrorMessage\":\"This field does not accept more than {$count} characters.\",\"validateRegex\":false,\"regex\":\"\",\"regexErrorMessage\":\"\",\"validateSnippet\":false,\"snippet\":\"\"},\"type\":\"multiLineInput\"},\"actionList\":[],\"since\":0},{\"id\":\"FourFive\",\"initiallyEnabled\":true,\"initiallyVisible\":false,\"innerStyles\":{\"backgroundColor\":\"#FFFFFF\",\"borderColor\":\"#ccc\",\"borderRadius\":\"4px\",\"color\":\"#333333\",\"labelClass\":\"\",\"textAlign\":\"left\",\"borderWidth\":\"1px\",\"fontSize\":\"13px\",\"elementClass\":\"\",\"borderStyle\":\"solid\",\"fontStyle\":\"normal\",\"fontWeight\":\"normal\"},\"outerStyles\":{\"marginRight\":\"0\",\"paddingBottom\":\"0\",\"paddingRight\":\"0\",\"width\":\"100%\",\"marginBottom\":\"12px\",\"paddingTop\":\"0\",\"paddingLeft\":\"0\",\"marginTop\":\"0\",\"marginLeft\":\"0\"},\"tooltip\":\"\",\"detail\":{\"label\":\"Que hicimos bien?\",\"errorMessage\":\"An error has occurred\",\"maxLength\":1000,\"placeholder\":\"\",\"rows\":5,\"agentCanEdit\":false,\"customerCanEdit\":true,\"agentMasked\":false,\"required\":false,\"elementValidation\":{\"required\":false,\"requiredErrorMessage\":\"This is required\",\"validateMinLength\":false,\"minLength\":0,\"minLengthErrorMessage\":\"This field requires at least {$count} characters.\",\"validateMaxLength\":false,\"maxLength\":0,\"maxLengthErrorMessage\":\"This field does not accept more than {$count} characters.\",\"validateRegex\":false,\"regex\":\"\",\"regexErrorMessage\":\"\",\"validateSnippet\":false,\"snippet\":\"\"},\"type\":\"multiLineInput\"},\"actionList\":[],\"since\":0},{\"id\":\"radioButtons_1\",\"initiallyEnabled\":true,\"initiallyVisible\":false,\"innerStyles\":{\"backgroundColor\":\"rgba(255, 255, 255, 0)\",\"borderColor\":\"#333\",\"borderRadius\":\"0px\",\"color\":\"#333333\",\"labelClass\":\"\",\"textAlign\":\"left\",\"borderWidth\":\"0px\",\"fontSize\":\"13px\",\"elementClass\":\"\",\"borderStyle\":\"solid\",\"fontStyle\":\"normal\",\"fontWeight\":\"normal\"},\"outerStyles\":{\"marginRight\":\"0\",\"paddingBottom\":\"0\",\"paddingRight\":\"0\",\"width\":\"100%\",\"marginBottom\":\"12px\",\"paddingTop\":\"0\",\"paddingLeft\":\"0\",\"marginTop\":\"0\",\"marginLeft\":\"0\"},\"tooltip\":\"\",\"detail\":{\"inline\":false,\"label\":\"Lamentamos que no estes contento con nosotros. Puede alguien de nuestro equipo contactarte?\",\"selectedIcon\":\"fa-check-circle\",\"unselectedIcon\":\"fa-circle-o\",\"options\":[{\"label\":\"Si\",\"value\":\"yes\",\"since\":0},{\"label\":\"No\",\"value\":\"no\",\"since\":0}],\"loadOptionsFromAction\":false,\"agentCanEdit\":false,\"customerCanEdit\":true,\"agentMasked\":false,\"required\":false,\"elementValidation\":{\"required\":false,\"requiredErrorMessage\":\"This is required\",\"validateMinLength\":false,\"minLength\":0,\"minLengthErrorMessage\":\"This field requires at least {$count} characters.\",\"validateMaxLength\":false,\"maxLength\":0,\"maxLengthErrorMessage\":\"This field does not accept more than {$count} characters.\",\"validateRegex\":false,\"regex\":\"\",\"regexErrorMessage\":\"\",\"validateSnippet\":false,\"snippet\":\"\"},\"type\":\"radio\"},\"actionList\":[],\"since\":0},{\"id\":\"pickList_1\",\"initiallyEnabled\":true,\"initiallyVisible\":false,\"innerStyles\":{\"backgroundColor\":\"rgba(255, 255, 255, 0)\",\"borderColor\":\"#E7E7E7\",\"borderRadius\":\"0px\",\"color\":\"#333333\",\"labelClass\":\"\",\"textAlign\":\"left\",\"borderWidth\":\"\",\"fontSize\":\"13px\",\"elementClass\":\"\",\"borderStyle\":\"\",\"fontStyle\":\"normal\",\"fontWeight\":\"normal\"},\"outerStyles\":{\"marginRight\":\"0\",\"paddingBottom\":\"0\",\"paddingRight\":\"0\",\"width\":\"100%\",\"marginBottom\":\"12px\",\"paddingTop\":\"0\",\"paddingLeft\":\"0\",\"marginTop\":\"0\",\"marginLeft\":\"0\"},\"tooltip\":\"\",\"detail\":{\"label\":\"Como quisieras que te contactemos?\",\"inline\":false,\"allVisible\":true,\"options\":[{\"initiallyChecked\":false,\"label\":\"Telefono\",\"value\":\"Phone\",\"since\":0},{\"initiallyChecked\":false,\"label\":\"Email\",\"value\":\"email\",\"since\":0}],\"rows\":2,\"loadOptionsFromAction\":false,\"agentCanEdit\":false,\"customerCanEdit\":true,\"agentMasked\":false,\"required\":false,\"elementValidation\":{\"required\":false,\"requiredErrorMessage\":\"This is required\",\"validateMinLength\":false,\"minLength\":0,\"minLengthErrorMessage\":\"This field requires at least {$count} characters.\",\"validateMaxLength\":false,\"maxLength\":0,\"maxLengthErrorMessage\":\"This field does not accept more than {$count} characters.\",\"validateRegex\":false,\"regex\":\"\",\"regexErrorMessage\":\"\",\"validateSnippet\":false,\"snippet\":\"\"},\"type\":\"picklist\"},\"actionList\":[],\"since\":0},{\"id\":\"phone_1\",\"initiallyEnabled\":true,\"initiallyVisible\":false,\"innerStyles\":{\"backgroundColor\":\"#FFFFFF\",\"borderColor\":\"#ccc\",\"borderRadius\":\"4px\",\"color\":\"#333333\",\"labelClass\":\"\",\"textAlign\":\"left\",\"borderWidth\":\"1px\",\"fontSize\":\"13px\",\"elementClass\":\"\",\"borderStyle\":\"solid\",\"fontStyle\":\"normal\",\"fontWeight\":\"normal\"},\"outerStyles\":{\"marginRight\":\"0\",\"paddingBottom\":\"0\",\"paddingRight\":\"0\",\"width\":\"100%\",\"marginBottom\":\"12px\",\"paddingTop\":\"0\",\"paddingLeft\":\"0\",\"marginTop\":\"0\",\"marginLeft\":\"0\"},\"tooltip\":\"\",\"detail\":{\"label\":\"Nro de Telefono\",\"labelInline\":false,\"agentCanEdit\":false,\"customerCanEdit\":true,\"agentMasked\":false,\"required\":false,\"elementValidation\":{\"required\":false,\"requiredErrorMessage\":\"This is required\",\"validateMinLength\":false,\"minLength\":0,\"minLengthErrorMessage\":\"This field requires at least {$count} characters.\",\"validateMaxLength\":false,\"maxLength\":0,\"maxLengthErrorMessage\":\"This field does not accept more than {$count} characters.\",\"validateRegex\":false,\"regex\":\"\",\"regexErrorMessage\":\"\",\"validateSnippet\":false,\"snippet\":\"\"},\"type\":\"phone\"},\"actionList\":[],\"since\":0},{\"id\":\"email_1\",\"initiallyEnabled\":true,\"initiallyVisible\":false,\"innerStyles\":{\"backgroundColor\":\"#FFFFFF\",\"borderColor\":\"#ccc\",\"borderRadius\":\"4px\",\"color\":\"#333333\",\"labelClass\":\"\",\"textAlign\":\"left\",\"borderWidth\":\"1px\",\"fontSize\":\"13px\",\"elementClass\":\"\",\"borderStyle\":\"solid\",\"fontStyle\":\"normal\",\"fontWeight\":\"normal\"},\"outerStyles\":{\"marginRight\":\"0\",\"paddingBottom\":\"0\",\"paddingRight\":\"0\",\"width\":\"100%\",\"marginBottom\":\"12px\",\"paddingTop\":\"0\",\"paddingLeft\":\"0\",\"marginTop\":\"0\",\"marginLeft\":\"0\"},\"tooltip\":\"\",\"detail\":{\"label\":\"Dirección de Email\",\"labelInline\":false,\"placeholder\":\"\",\"maxLength\":80,\"agentCanEdit\":false,\"customerCanEdit\":true,\"agentMasked\":false,\"required\":false,\"elementValidation\":{\"required\":false,\"requiredErrorMessage\":\"This is required\",\"validateMinLength\":false,\"minLength\":0,\"minLengthErrorMessage\":\"This field requires at least {$count} characters.\",\"validateMaxLength\":false,\"maxLength\":0,\"maxLengthErrorMessage\":\"This field does not accept more than {$count} characters.\",\"validateRegex\":false,\"regex\":\"\",\"regexErrorMessage\":\"\",\"validateSnippet\":false,\"snippet\":\"\"},\"type\":\"email\"},\"actionList\":[],\"since\":0},{\"id\":\"multiLineInput_1\",\"initiallyEnabled\":true,\"initiallyVisible\":true,\"innerStyles\":{\"backgroundColor\":\"#FFFFFF\",\"borderColor\":\"#ccc\",\"borderRadius\":\"4px\",\"color\":\"#333333\",\"labelClass\":\"\",\"textAlign\":\"left\",\"borderWidth\":\"1px\",\"fontSize\":\"13px\",\"elementClass\":\"\",\"borderStyle\":\"solid\",\"fontStyle\":\"normal\",\"fontWeight\":\"normal\"},\"outerStyles\":{\"marginRight\":\"0\",\"paddingBottom\":\"0\",\"paddingRight\":\"0\",\"width\":\"100%\",\"marginBottom\":\"12px\",\"paddingTop\":\"0\",\"paddingLeft\":\"0\",\"marginTop\":\"0\",\"marginLeft\":\"0\"},\"tooltip\":\"\",\"detail\":{\"label\":\"Alguna otra cosa que quisieras que sepamos?\",\"errorMessage\":\"An error has occurred\",\"maxLength\":1000,\"placeholder\":\"\",\"rows\":5,\"agentCanEdit\":false,\"customerCanEdit\":true,\"agentMasked\":false,\"required\":false,\"elementValidation\":{\"required\":false,\"requiredErrorMessage\":\"This is required\",\"validateMinLength\":false,\"minLength\":0,\"minLengthErrorMessage\":\"This field requires at least {$count} characters.\",\"validateMaxLength\":false,\"maxLength\":0,\"maxLengthErrorMessage\":\"This field does not accept more than {$count} characters.\",\"validateRegex\":false,\"regex\":\"\",\"regexErrorMessage\":\"\",\"validateSnippet\":false,\"snippet\":\"\"},\"type\":\"multiLineInput\"},\"actionList\":[],\"since\":0},{\"id\":\"button_1\",\"initiallyEnabled\":true,\"initiallyVisible\":true,\"innerStyles\":{\"backgroundColor\":\"#93b547\",\"borderColor\":\"#333\",\"color\":\"#FFFFFF\",\"labelClass\":\"\",\"textAlign\":\"center\",\"fontStyle\":\"normal\",\"borderRadius\":\"3px\",\"borderWidth\":\"0px\",\"width\":\"100%\",\"fontSize\":\"14px\",\"elementClass\":\"\",\"borderStyle\":\"solid\",\"fontWeight\":\"normal\"},\"outerStyles\":{\"marginRight\":\"0\",\"paddingBottom\":\"0\",\"paddingRight\":\"0\",\"width\":\"100%\",\"marginBottom\":\"12px\",\"paddingTop\":\"0\",\"paddingLeft\":\"0\",\"marginTop\":\"0\",\"marginLeft\":\"0\"},\"tooltip\":\"\",\"detail\":{\"buttonClass\":\"InteractiveButton\",\"label\":\"Enviar Feedback\",\"agentCanEdit\":false,\"customerCanEdit\":true,\"agentMasked\":false,\"required\":false,\"elementValidation\":{\"required\":false,\"requiredErrorMessage\":\"This is required\",\"validateMinLength\":false,\"minLength\":0,\"minLengthErrorMessage\":\"This field requires at least {$count} characters.\",\"validateMaxLength\":false,\"maxLength\":0,\"maxLengthErrorMessage\":\"This field does not accept more than {$count} characters.\",\"validateRegex\":false,\"regex\":\"\",\"regexErrorMessage\":\"\",\"validateSnippet\":false,\"snippet\":\"\"},\"type\":\"button\"},\"actionList\":[],\"since\":0},{\"id\":\"image_2\",\"initiallyEnabled\":true,\"initiallyVisible\":true,\"innerStyles\":{\"width\":\"100%\",\"backgroundColor\":\"#FFFFFF\",\"backgroundImage\":\"\",\"color\":\"#333333\",\"fontSize\":\"13px\",\"fontWeight\":\"normal\",\"fontStyle\":\"normal\",\"textAlign\":\"left\",\"borderWidth\":\"0px\",\"borderStyle\":\"solid\",\"borderRadius\":\"0px\",\"borderColor\":\"#333\",\"elementClass\":\"\",\"labelClass\":\"\"},\"outerStyles\":{\"width\":\"100%\",\"marginTop\":\"0\",\"marginLeft\":\"0\",\"marginRight\":\"0\",\"marginBottom\":\"12px\",\"paddingTop\":\"0\",\"paddingLeft\":\"0\",\"paddingRight\":\"0\",\"paddingBottom\":\"0\"},\"tooltip\":\"\",\"detail\":{\"src\":\"\",\"type\":\"image\"},\"actionList\":[],\"since\":0}],\"innerStyles\":{\"backgroundColor\":\"rgba(255, 255, 255, 1)\",\"borderColor\":\"#333\",\"color\":\"#333333\",\"borderRadius\":\"0px\",\"textAlign\":\"left\",\"backgroundImage\":\"\",\"borderWidth\":\"0px\",\"fontSize\":\"13px\",\"fontStyle\":\"normal\",\"borderStyle\":\"solid\",\"fontWeight\":\"normal\"},\"validation\":{\"asYouGo\":true,\"usingSnippet\":false,\"errorMessage\":\"Please see errors above before continuing.\",\"snippet\":\"\"}}],\"externalDataList\":[],\"snippetList\":[],\"actionList\":[{\"ids\":[\"OneTwoThree\",\"radioButtons_1\"],\"trigger\":\"value\",\"triggerValue\":\"0\",\"elementTrigger\":\"starRating_1\",\"enabled\":true,\"eventTrigger\":\"valueChanged\",\"type\":\"showElements\"},{\"ids\":[\"FourFive\"],\"trigger\":\"value\",\"triggerValue\":\"0\",\"elementTrigger\":\"starRating_1\",\"enabled\":true,\"eventTrigger\":\"valueChanged\",\"type\":\"hideElements\"},{\"ids\":[\"radioButtons_1\",\"OneTwoThree\"],\"trigger\":\"value\",\"triggerValue\":\"1\",\"elementTrigger\":\"starRating_1\",\"enabled\":true,\"eventTrigger\":\"valueChanged\",\"type\":\"showElements\"},{\"ids\":[\"FourFive\"],\"trigger\":\"value\",\"triggerValue\":\"1\",\"elementTrigger\":\"starRating_1\",\"enabled\":true,\"eventTrigger\":\"valueChanged\",\"type\":\"hideElements\"},{\"ids\":[\"OneTwoThree\",\"radioButtons_1\"],\"trigger\":\"value\",\"triggerValue\":\"2\",\"elementTrigger\":\"starRating_1\",\"enabled\":true,\"eventTrigger\":\"valueChanged\",\"type\":\"showElements\"},{\"ids\":[\"FourFive\"],\"trigger\":\"value\",\"triggerValue\":\"2\",\"elementTrigger\":\"starRating_1\",\"enabled\":true,\"eventTrigger\":\"valueChanged\",\"type\":\"hideElements\"},{\"ids\":[\"OneTwoThree\"],\"trigger\":\"value\",\"triggerValue\":\"3\",\"elementTrigger\":\"starRating_1\",\"enabled\":true,\"eventTrigger\":\"valueChanged\",\"type\":\"showElements\"},{\"ids\":[\"FourFive\",\"radioButtons_1\"],\"trigger\":\"value\",\"triggerValue\":\"3\",\"elementTrigger\":\"starRating_1\",\"enabled\":true,\"eventTrigger\":\"valueChanged\",\"type\":\"hideElements\"},{\"ids\":[\"FourFive\"],\"trigger\":\"value\",\"triggerValue\":\"4\",\"elementTrigger\":\"starRating_1\",\"enabled\":true,\"eventTrigger\":\"valueChanged\",\"type\":\"showElements\"},{\"ids\":[\"OneTwoThree\",\"radioButtons_1\"],\"trigger\":\"value\",\"triggerValue\":\"4\",\"elementTrigger\":\"starRating_1\",\"enabled\":true,\"eventTrigger\":\"valueChanged\",\"type\":\"hideElements\"},{\"ids\":[\"FourFive\"],\"trigger\":\"value\",\"triggerValue\":\"5\",\"elementTrigger\":\"starRating_1\",\"enabled\":true,\"eventTrigger\":\"valueChanged\",\"type\":\"showElements\"},{\"ids\":[\"OneTwoThree\",\"radioButtons_1\"],\"trigger\":\"value\",\"triggerValue\":\"5\",\"elementTrigger\":\"starRating_1\",\"enabled\":true,\"eventTrigger\":\"valueChanged\",\"type\":\"hideElements\"},{\"ids\":[\"pickList_1\"],\"trigger\":\"value\",\"triggerValue\":\"yes\",\"elementTrigger\":\"radioButtons_1\",\"enabled\":true,\"eventTrigger\":\"valueChanged\",\"type\":\"showElements\"},{\"ids\":[\"email_1\"],\"trigger\":\"contains\",\"triggerValue\":\"email\",\"elementTrigger\":\"pickList_1\",\"enabled\":true,\"eventTrigger\":\"valueChanged\",\"type\":\"showElements\"},{\"ids\":[\"email_1\"],\"trigger\":\"notcontains\",\"triggerValue\":\"email\",\"elementTrigger\":\"pickList_1\",\"enabled\":true,\"eventTrigger\":\"valueChanged\",\"type\":\"hideElements\"},{\"parameters\":[{\"name\":\"\",\"value\":\"\"}],\"trigger\":\"paneValid\",\"elementTrigger\":\"button_1\",\"enabled\":true,\"eventTrigger\":\"valueChanged\",\"type\":\"exitToBot\"},{\"ids\":[\"pickList_1\",\"email_1\"],\"trigger\":\"value\",\"triggerValue\":\"no\",\"elementTrigger\":\"radioButtons_1\",\"enabled\":true,\"eventTrigger\":\"valueChanged\",\"type\":\"hideElements\"},{\"ids\":[\"phone_1\"],\"trigger\":\"contains\",\"triggerValue\":\"Phone\",\"elementTrigger\":\"pickList_1\",\"enabled\":true,\"eventTrigger\":\"valueChanged\",\"type\":\"showElements\"},{\"ids\":[\"phone_1\"],\"trigger\":\"notcontains\",\"triggerValue\":\"Phone\",\"elementTrigger\":\"pickList_1\",\"enabled\":true,\"eventTrigger\":\"valueChanged\",\"type\":\"hideElements\"}]}"
}